scenario,within_author_delta,between_author_delta,separation_ratio,role_in_the_design
1,0.4053983353166604,1.3071609397946125,3.2243865500177176,High-separation baseline
2,0.4267325013612892,1.2959990630967073,3.0370291903298487,High separation maintained
3,0.8929092909846095,1.075683930890909,1.204695641261336,"Balanced, discriminative condition"
4,-3.7007434154171994e-17,1.4998503397083967,inf,Identical-text control
5,0.9399832023424268,1.0534312646784407,1.1206915847573689,"Topic confound, attribution collapse"
