scenario,mean_within,mean_between_same_topic,mean_between_diff_topic
1,0.4053983353166604,1.3078121388661352,1.307126666159269
2,0.4267325013612892,1.2918223098818813,1.2962188922132774
3,0.8929092909846095,1.0577328641673858,1.0766287238763577
4,-3.7007434154171994e-17,1.499850339708397,1.4998503397083967
5,0.9399832023424268,0.1607972721830492,1.1004120011255667
