scenario,contrast,acc_a,acc_b,acc_diff,ci95_low,ci95_high,p_permutation,p_mcnemar_exact
3,openai - spacy,0.9166666666666666,0.8666666666666667,0.04999999999999993,-0.01666666666666672,0.1166666666666667,0.37779244415111696,0.375
3,openai - delta,0.9166666666666666,0.8333333333333334,0.08333333333333326,-0.01666666666666672,0.19999999999999996,0.2269554608907822,0.2265625
3,spacy - delta,0.8666666666666667,0.8333333333333334,0.033333333333333326,-0.08333333333333337,0.15000000000000002,0.7914641707165857,0.79052734375
5,openai vs chance(1/3),0.0,0.3333333333333333,-0.3333333333333333,,,2.7197216389364434e-11,
5,spacy vs chance(1/3),0.0,0.3333333333333333,-0.3333333333333333,,,2.7197216389364434e-11,
5,delta vs chance(1/3),0.0,0.3333333333333333,-0.3333333333333333,,,2.7197216389364434e-11,
